{"cameraMode":{"drawMode":0,"name":"Shaded","section":"Shading Mode"},"sceneLighting":true,"audioPlay":false,"sceneViewState":{"m_AlwaysRefresh":false,"showFog":true,"showSkybox":true,"showFlares":true,"showImageEffects":true,"showParticleSystems":true,"showVisualEffectGraphs":true,"m_FxEnabled":true},"in2DMode":false,"pivot":{"x":-2.327003240585327,"y":2.377762794494629,"z":-10.503837585449219},"rotation":{"x":-0.04048644378781319,"y":-0.12404012680053711,"z":0.00506387185305357,"w":-0.9915697574615479},"size":1.3481299877166749,"orthographic":false}